racer,ID
Clint,01
pokimane,02
suki,03
Brycen,04
march,05
fartamor,06
LEMONNYYY,07
Jihyo,08
Boomy,09
plop,10
caires,11
elise,12
OllyBOT,13
Dawn,14
mooney,15
Sebastian,15
forsen,15
jjaamm,16
moon2O,17
betty,17
HeyIsCarl,18
Robzerino,19
Snurglez,20
Eskiber,21
Plank,22
KaedenKing,23
BatChest,24
Forsen,24
Moonmoon,24
xqcL,24
Doc,24
Asmongold,24
Bulldog,24
MaxLOL,24
Nani,24
hvaniceday,25
CHRiS,26
DeltaFRZ,27
Jim,28
oolaalee,29
Peter,32
Andie,35
Goio,38
rit btw,39
Jedi,40
BigTodd,41
Ryreaka,42
6 papayas,43
emoney7,44
Jack Black,44
Troll,44
Sarah,72
